"Sample.ID","TA","Mass","Tank","Type"
"20180619_Tank10",2198.18565397626,59.7,"Tank10","Tank"
"20180619_Tank14",2192.84801345412,59.75,"Tank14","Tank"
"20180619_Conical17",2188.7611018978,60.18,"Conical17","Conical"
"20180619_Tank11",2190.88161978507,60.73,"Tank11","Tank"
"20180619_Tank13",2194.42756810125,59.2,"Tank13","Tank"
"20180619_Tank12",2193.98968659909,59.42,"Tank12","Tank"
"20180619_Conical16",2197.27867255923,59.41,"Conical16","Conical"
"20180619_Conical18",2174.5349812462,59.43,"Conical18","Conical"
"20180619_Tank15",2201.38101713724,59.28,"Tank15","Tank"
