"Sample.ID","TA","Mass","Tank","Type"
"20180619_CRM1",2264.29399416507,59.64,"CRM1","CRM"
"20180619_CRM2",2227.79692609411,59.03,"CRM2","CRM"
"20180619_CRM3",2230.83387666505,60.32,"CRM3","CRM"
