"Sample.ID","TA","Mass","Tank","Type"
"20180618_JUNK",2234.83703532419,59.86,"JUNK","JUNK"
"20180618_CRM1",2230.71011269162,59.21,"CRM1","CRM"
"20180618_CRM2",2229.36795779993,59.8,"CRM2","CRM"
