"Sample.ID","TA","Mass","Tank","Type"
"20180618_JUNK",2211.44680109618,59.28,"Junk","Junk"
"20180618_Tank13",2237.85697916779,59.19,"Tank13","Tank"
"20180618_Conical18",2169.24475644531,59.46,"Conical18","Conical"
