"Sample.ID","TA","Mass","Tank","Type"
"20180621_Conical17",2202.13972930474,59.58,"Conical17","Conical"
"20180621_Tank13",2206.95871736682,59.15,"Tank13","Tank"
"20180621_Tank11",2206.7566317053,59.23,"Tank11","Tank"
"20180621_Conical16",2205.01881487321,59.43,"Conical16","Conical"
"20180621_Tank10",2202.18464758828,59.6,"Tank10","Tank"
"20180621_Tank14",2236.18885058629,59.53,"Tank14","Tank"
"20180621_Conical18",2201.1124046773,59.39,"Conical18","Conical"
"20180621_Tank15",2206.75465715163,59.3,"Tank15","Tank"
"20180621_Tank12",2209.05129037598,59.44,"Tank12","Tank"
