"Sample.ID","TA","Mass","Tank","Type"
"20180621_JUNK",2235.96885654113,59.28,"JUNK","JUNK"
"20180621_CRM1",2233.17600083488,59.87,"CRM1","CRM"
"20180621_CRM2",2234.01467840682,59.74,"CRM2","CRM"
