"Sample.ID","TA","Mass","Tank","Type"
"20180618_Tank11",2204.23117146993,59.44,"Tank11","Tank"
"20180618_Tank15",2202.55800819123,59.6,"Tank15","Tank"
"20180618_Conical17",2192.43197152031,59.78,"Conical17","Conical"
"20180618_Tank12",2194.06840285498,59.91,"Tank12","Tank"
"20180618_Tank13",2202.53118752062,59.07,"Tank13","Tank"
"20180618_Conical16",2190.79482210251,59.29,"Conical16","Conical"
"20180618_Conical18",2190.86367411222,59.42,"Conical18","Conical"
"20180618_Tank10",2195.39115039683,59.47,"Tank10","Tank"
"20180618_Tank14",2206.80188153015,59.25,"Tank14","Tank"
