"Sample.ID","TA","Mass","Tank","Type"
"20180620_JUNK",2224.06319667245,59.32,"JUNK","JUNK"
"20180620_CRM1",2237.94878598674,59.45,"CRM1","CRM"
"20180620_CRM2",2241.70182148475,60.13,"CRM2","CRM"
