"Sample.ID","TA","Mass","Tank","Type"
"20180616_Tank10",2209.85756918948,59.02,"Tank10","Tank"
"20180616_Tank11",2203.2401169228,59,"Tank11","Tank"
"20180616_Tank12",2199.11962255168,59.31,"Tank12","Tank"
"20180616_Tank13",2197.01955610967,59.22,"Tank13","Tank"
"20180616_Tank14",2197.01000384647,59.75,"Tank14","Tank"
"20180616_Tank15",2201.8563632837,59.36,"Tank15","Tank"
"20180616_Conical16",2188.32832860843,59.01,"Conical16","Conical"
"20180616_Conical17",2187.59022347455,59.81,"Conical17","Conical"
"20180616_Conical18",2189.13668606455,59.27,"Conical18","Conical"
