"Sample.ID","TA","Mass","Tank","Type"
"20180616_JUNK",2223.91375777391,59.64,"JUNK","JUNK"
"20180616_CRM1",2223.53504453784,59.32,"CRM1","CRM"
"20180616_CRM2",2259.66748514362,59.81,"CRM2","CRM"
