"Sample.ID","TA","Mass","Tank","Type"
"20180617_Tank10",2206.61198226193,59.95,"Tank10","Tank"
"20180617_Tank11",2198.20992661368,59.09,"Tank11","Tank"
"20180617_Tank12",2189.66801634002,59.59,"Tank12","Tank"
"20180617_Tank13",2189.19360686454,59.63,"Tank13","Tank"
"20180617_Tank14",2194.74615620019,59.03,"Tank14","Tank"
"20180617_Tank15",2193.65578800776,59.82,"Tank15","Tank"
"20180617_Conical16",2186.95728145502,59.41,"Conical16","Conical"
"20180617_Conical17",2183.46525537322,59.97,"Conical17","Conical"
"20180617_Conical18",2191.71482706987,59.08,"Conical18","Conical"
