"Sample.ID","TA","Mass","Tank","Type"
"20180617_JUNK",2224.02238205662,59.76,"JUNK","JUNK"
"20180617_CRM1",2224.97733074232,59.16,"CRM1","CRM"
"20180617_CRM2",2221.97972421452,59.98,"CRM2","CRM"
