"Sample.ID","TA","Mass","Tank","Type"
"20180615_Tank12",2214.26046953189,59.21,"Tank12","Tank"
"20180615_Tank15",2198.90366907334,59.4,"Tank15","Tank"
"20180615_Tank11",2200.58792291888,59.46,"Tank11","Tank"
"20180615_Tank13",2203.95405762735,59.44,"Tank13","Tank"
"20180615_Tank10",2202.731152614,59.92,"Tank10","Tank"
"20180615_Tank14",2202.51997553026,59.55,"Tank14","Tank"
"20180615_Conical16",2201.72426346002,59.57,"Conical16","Conical"
"20180615_Conical17",2198.72480618361,59.01,"Conical17","Conical"
"20180615_Conical18",2198.28409593905,59.57,"Conical18","Conical"
