"Sample.ID","TA","Mass","Tank","Type"
"20180615_JUNK",2233.47455473796,59.17,"JUNK","JUNK"
"20180615_CRM1",2217.65721039499,59.54,"CRM1","CRM"
"20180615_CRM2",2222.0166798724,59.92,"CRM2","CRM"
