"Sample.ID","TA","Mass","Tank","Type"
"20180622_Tank10",2175.437868586,59.3,"Tank10","Tank"
"20180622_Conical16",2130.90745775747,60.64,"Conical16","Conical"
"20180622_Conical17",2174.72435037677,59.71,"Conical17","Conical"
"20180622_Tank14",2195.94348406737,59.46,"Tank14","Tank"
"20180622_Tank12",2214.04655962427,59.18,"Tank12","Tank"
"20180622_Conical18",2205.60931426879,59.68,"Conical18","Conical"
"20180622_Tank15",2235.01082547762,60,"Tank15","Tank"
"20180622_Tank11",2238.68916276686,59.14,"Tank11","Tank"
"20180622_Tank13",2223.61025826218,59.09,"Tank13","Tank"
