"Sample.ID","TA","Mass","Tank","Type"
"20180622_JUNK",2231.81332096655,59.91,"JUNK","JUNK"
"20180622_CRM1",2233.20113375731,59.91,"CRM1","CRM"
"20180622_CRM2",2142.76559541816,59.5,"CRM2","CRM"
