"Sample.ID","TA","Mass","Tank","Type"
"20180614_Tank15",2210.62718453265,59.4,"Tank15","Tank"
"20180614_Tank10",2201.18827370471,59.65,"Tank10","Tank"
"20180614_Tank11",2222.53451029263,59.08,"Tank11","Tank"
"20180614_Tank13",2268.10908832842,59.37,"Tank13","Tank"
"20180614_Tank12",2196.93226623291,59.73,"Tank12","Tank"
"20180614_Tank14",2199.34807445776,59.24,"Tank14","Tank"
