"Sample.ID","TA","Mass","Tank","Type"
"20180614_Conical1",2203.69017567091,59.36,"Conical1","Conical"
"20180614_Conical2",2236.33939382099,59.87,"Conical2","Conical"
"20180614_Conical3",2187.29111616695,59.84,"Conical3","Conical"
"20180614_Conical4",2187.93610332695,59.68,"Conical4","Conical"
"20180614_Conical5",2237.0653079047,59.38,"Conical5","Conical"
"20180614_Conical6",2208.00298364001,59.65,"Conical6","Conical"
"20180614_Conical7",2205.96382444458,59.37,"Conical7","Conical"
"20180614_Conical8",2203.2065088425,59.37,"Conical8","Conical"
"20180614_Conical9",2224.18788554575,59.09,"Conical9","Conical"
