"Sample.ID","TA","Mass","Tank","Type"
"20180614_CRM1",2263.53477759388,59.34,"CRM1","CRM"
"20180614_CRM2",2227.45030241248,59.08,"CRM2","CRM"
"20180614_CRM3",2229.00214842164,59.03,"CRM3","CRM"
