"Sample.ID","TA","Mass","Tank","Type"
"20180613_Tank11",2204.67166604034,59.27,"Tank11","Tank"
"20180613_Tank10",2220.74607553591,59.93,"Tank10","Tank"
"20180613_Tank13",2198.20303410921,59.9,"Tank13","Tank"
"20180613_Tank12",2440.87025402546,59.51,"Tank12","Tank"
"20180613_Tank14",2192.5949912,59.54,"Tank14","Tank"
"20180613_Tank15",2195.39032732168,59.89,"Tank15","Tank"
