"Sample.ID","TA","Mass","Tank","Type"
"20180613_CRM1",2204.44061991263,59.81,"CRM1","CRM"
"20180613_CRM2",2216.67195115669,59.31,"CRM2","CRM"
"20180613_CRM3",2222.06148438956,59.22,"CRM3","CRM"
